,observation_date,DFF
732,2014-01-02,0.08
733,2014-01-03,0.08
736,2014-01-06,0.08
737,2014-01-07,0.07
738,2014-01-08,0.07
739,2014-01-09,0.07
740,2014-01-10,0.07
743,2014-01-13,0.07
744,2014-01-14,0.07
745,2014-01-15,0.07
746,2014-01-16,0.07
747,2014-01-17,0.07
751,2014-01-21,0.07
752,2014-01-22,0.07
753,2014-01-23,0.07
754,2014-01-24,0.07
757,2014-01-27,0.07
758,2014-01-28,0.07
759,2014-01-29,0.07
760,2014-01-30,0.07
761,2014-01-31,0.07
764,2014-02-03,0.07
765,2014-02-04,0.07
766,2014-02-05,0.07
767,2014-02-06,0.07
768,2014-02-07,0.06
771,2014-02-10,0.07
772,2014-02-11,0.06
773,2014-02-12,0.07
774,2014-02-13,0.06
775,2014-02-14,0.06
779,2014-02-18,0.07
780,2014-02-19,0.07
781,2014-02-20,0.07
782,2014-02-21,0.07
785,2014-02-24,0.07
786,2014-02-25,0.07
787,2014-02-26,0.07
788,2014-02-27,0.07
789,2014-02-28,0.06
792,2014-03-03,0.07
793,2014-03-04,0.07
794,2014-03-05,0.08
795,2014-03-06,0.08
796,2014-03-07,0.08
799,2014-03-10,0.08
800,2014-03-11,0.08
801,2014-03-12,0.08
802,2014-03-13,0.08
803,2014-03-14,0.08
806,2014-03-17,0.08
807,2014-03-18,0.08
808,2014-03-19,0.08
809,2014-03-20,0.08
810,2014-03-21,0.08
813,2014-03-24,0.09
814,2014-03-25,0.09
815,2014-03-26,0.08
816,2014-03-27,0.08
817,2014-03-28,0.08
820,2014-03-31,0.06
821,2014-04-01,0.08
822,2014-04-02,0.09
823,2014-04-03,0.08
824,2014-04-04,0.08
827,2014-04-07,0.09
828,2014-04-08,0.08
829,2014-04-09,0.08
830,2014-04-10,0.08
831,2014-04-11,0.09
835,2014-04-15,0.1
836,2014-04-16,0.09
837,2014-04-17,0.09
841,2014-04-21,0.1
842,2014-04-22,0.1
843,2014-04-23,0.1
844,2014-04-24,0.1
845,2014-04-25,0.09
848,2014-04-28,0.09
849,2014-04-29,0.1
850,2014-04-30,0.09
851,2014-05-01,0.09
852,2014-05-02,0.09
855,2014-05-05,0.09
856,2014-05-06,0.09
857,2014-05-07,0.08
858,2014-05-08,0.08
859,2014-05-09,0.08
862,2014-05-12,0.08
863,2014-05-13,0.09
864,2014-05-14,0.08
865,2014-05-15,0.09
866,2014-05-16,0.09
869,2014-05-19,0.09
870,2014-05-20,0.09
871,2014-05-21,0.09
872,2014-05-22,0.09
873,2014-05-23,0.09
877,2014-05-27,0.09
878,2014-05-28,0.09
879,2014-05-29,0.09
880,2014-05-30,0.08
883,2014-06-02,0.09
884,2014-06-03,0.1
885,2014-06-04,0.09
886,2014-06-05,0.09
887,2014-06-06,0.09
890,2014-06-09,0.09
891,2014-06-10,0.09
892,2014-06-11,0.09
893,2014-06-12,0.09
894,2014-06-13,0.1
897,2014-06-16,0.1
898,2014-06-17,0.1
899,2014-06-18,0.1
900,2014-06-19,0.1
901,2014-06-20,0.1
904,2014-06-23,0.1
905,2014-06-24,0.1
906,2014-06-25,0.1
907,2014-06-26,0.1
908,2014-06-27,0.1
911,2014-06-30,0.09
912,2014-07-01,0.1
913,2014-07-02,0.1
914,2014-07-03,0.09
918,2014-07-07,0.1
919,2014-07-08,0.09
920,2014-07-09,0.09
921,2014-07-10,0.09
922,2014-07-11,0.09
925,2014-07-14,0.09
926,2014-07-15,0.09
927,2014-07-16,0.09
928,2014-07-17,0.09
929,2014-07-18,0.09
932,2014-07-21,0.1
933,2014-07-22,0.09
934,2014-07-23,0.09
935,2014-07-24,0.09
936,2014-07-25,0.09
939,2014-07-28,0.09
940,2014-07-29,0.09
941,2014-07-30,0.09
942,2014-07-31,0.08
943,2014-08-01,0.09
946,2014-08-04,0.09
947,2014-08-05,0.09
948,2014-08-06,0.09
949,2014-08-07,0.09
950,2014-08-08,0.09
953,2014-08-11,0.09
954,2014-08-12,0.09
955,2014-08-13,0.09
956,2014-08-14,0.09
957,2014-08-15,0.09
960,2014-08-18,0.09
961,2014-08-19,0.09
962,2014-08-20,0.09
963,2014-08-21,0.09
964,2014-08-22,0.09
967,2014-08-25,0.09
968,2014-08-26,0.09
969,2014-08-27,0.09
970,2014-08-28,0.09
971,2014-08-29,0.07
975,2014-09-02,0.09
976,2014-09-03,0.09
977,2014-09-04,0.09
978,2014-09-05,0.09
981,2014-09-08,0.09
982,2014-09-09,0.09
983,2014-09-10,0.09
984,2014-09-11,0.09
985,2014-09-12,0.09
988,2014-09-15,0.09
989,2014-09-16,0.09
990,2014-09-17,0.09
991,2014-09-18,0.09
992,2014-09-19,0.09
995,2014-09-22,0.09
996,2014-09-23,0.09
997,2014-09-24,0.09
998,2014-09-25,0.09
999,2014-09-26,0.09
1002,2014-09-29,0.08
1003,2014-09-30,0.07
1004,2014-10-01,0.09
1005,2014-10-02,0.09
1006,2014-10-03,0.09
1009,2014-10-06,0.09
1010,2014-10-07,0.09
1011,2014-10-08,0.09
1012,2014-10-09,0.08
1013,2014-10-10,0.09
1016,2014-10-13,0.09
1017,2014-10-14,0.09
1018,2014-10-15,0.09
1019,2014-10-16,0.09
1020,2014-10-17,0.09
1023,2014-10-20,0.09
1024,2014-10-21,0.09
1025,2014-10-22,0.09
1026,2014-10-23,0.09
1027,2014-10-24,0.09
1030,2014-10-27,0.09
1031,2014-10-28,0.09
1032,2014-10-29,0.09
1033,2014-10-30,0.09
1034,2014-10-31,0.07
1037,2014-11-03,0.09
1038,2014-11-04,0.1
1039,2014-11-05,0.09
1040,2014-11-06,0.09
1041,2014-11-07,0.09
1044,2014-11-10,0.09
1045,2014-11-11,0.09
1046,2014-11-12,0.09
1047,2014-11-13,0.09
1048,2014-11-14,0.09
1051,2014-11-17,0.1
1052,2014-11-18,0.11
1053,2014-11-19,0.1
1054,2014-11-20,0.1
1055,2014-11-21,0.1
1058,2014-11-24,0.1
1059,2014-11-25,0.1
1060,2014-11-26,0.1
1062,2014-11-28,0.08
1065,2014-12-01,0.13
1066,2014-12-02,0.12
1067,2014-12-03,0.12
1068,2014-12-04,0.12
1069,2014-12-05,0.12
1072,2014-12-08,0.12
1073,2014-12-09,0.12
1074,2014-12-10,0.12
1075,2014-12-11,0.12
1076,2014-12-12,0.12
1079,2014-12-15,0.11
1080,2014-12-16,0.12
1081,2014-12-17,0.13
1082,2014-12-18,0.13
1083,2014-12-19,0.13
1086,2014-12-22,0.13
1087,2014-12-23,0.13
1088,2014-12-24,0.13
1090,2014-12-26,0.13
1093,2014-12-29,0.13
1094,2014-12-30,0.13
1095,2014-12-31,0.06
1121,2015-01-26,0.12
1122,2015-01-27,0.11
1123,2015-01-28,0.12
1124,2015-01-29,0.11
1125,2015-01-30,0.06
1128,2015-02-02,0.12
1129,2015-02-03,0.12
1130,2015-02-04,0.11
1131,2015-02-05,0.12
1132,2015-02-06,0.11
1135,2015-02-09,0.12
1136,2015-02-10,0.12
1137,2015-02-11,0.12
1138,2015-02-12,0.12
1139,2015-02-13,0.12
1143,2015-02-17,0.12
1144,2015-02-18,0.12
1146,2015-02-20,0.12
1149,2015-02-23,0.11
1150,2015-02-24,0.11
1151,2015-02-25,0.11
1152,2015-02-26,0.11
1153,2015-02-27,0.06
1156,2015-03-02,0.12
1157,2015-03-03,0.12
1158,2015-03-04,0.11
1159,2015-03-05,0.11
1160,2015-03-06,0.12
1163,2015-03-09,0.12
1164,2015-03-10,0.12
1165,2015-03-11,0.11
1166,2015-03-12,0.11
1167,2015-03-13,0.11
1170,2015-03-16,0.12
1171,2015-03-17,0.12
1172,2015-03-18,0.11
1173,2015-03-19,0.12
1174,2015-03-20,0.12
1177,2015-03-23,0.12
1178,2015-03-24,0.11
1179,2015-03-25,0.12
1180,2015-03-26,0.11
1181,2015-03-27,0.12
1184,2015-03-30,0.12
1185,2015-03-31,0.06
1186,2015-04-01,0.12
1187,2015-04-02,0.12
1191,2015-04-06,0.13
1192,2015-04-07,0.12
1193,2015-04-08,0.12
1194,2015-04-09,0.12
1195,2015-04-10,0.12
1198,2015-04-13,0.13
1199,2015-04-14,0.13
1200,2015-04-15,0.13
1201,2015-04-16,0.13
1202,2015-04-17,0.13
1205,2015-04-20,0.13
1206,2015-04-21,0.13
1207,2015-04-22,0.13
1208,2015-04-23,0.13
1209,2015-04-24,0.13
1212,2015-04-27,0.13
1213,2015-04-28,0.13
1214,2015-04-29,0.13
1215,2015-04-30,0.08
1216,2015-05-01,0.13
1219,2015-05-04,0.13
1220,2015-05-05,0.13
1221,2015-05-06,0.13
1222,2015-05-07,0.13
1223,2015-05-08,0.13
1226,2015-05-11,0.13
1227,2015-05-12,0.13
1228,2015-05-13,0.13
1229,2015-05-14,0.13
1230,2015-05-15,0.13
1233,2015-05-18,0.13
1234,2015-05-19,0.12
1235,2015-05-20,0.12
1236,2015-05-21,0.12
1237,2015-05-22,0.13
1241,2015-05-26,0.12
1242,2015-05-27,0.12
1243,2015-05-28,0.12
1244,2015-05-29,0.08
1247,2015-06-01,0.12
1248,2015-06-02,0.12
1249,2015-06-03,0.13
1250,2015-06-04,0.13
1251,2015-06-05,0.13
1254,2015-06-08,0.13
1255,2015-06-09,0.13
1256,2015-06-10,0.13
1257,2015-06-11,0.13
1258,2015-06-12,0.13
1261,2015-06-15,0.13
1262,2015-06-16,0.14
1263,2015-06-17,0.14
1264,2015-06-18,0.14
1265,2015-06-19,0.13
1268,2015-06-22,0.13
1269,2015-06-23,0.13
1270,2015-06-24,0.13
1271,2015-06-25,0.13
1272,2015-06-26,0.13
1275,2015-06-29,0.14
1276,2015-06-30,0.08
1277,2015-07-01,0.13
1278,2015-07-02,0.13
1282,2015-07-06,0.13
1283,2015-07-07,0.13
1284,2015-07-08,0.13
1285,2015-07-09,0.13
1286,2015-07-10,0.13
1289,2015-07-13,0.13
1290,2015-07-14,0.13
1291,2015-07-15,0.13
1292,2015-07-16,0.14
1293,2015-07-17,0.13
1296,2015-07-20,0.14
1297,2015-07-21,0.13
1298,2015-07-22,0.13
1299,2015-07-23,0.13
1300,2015-07-24,0.13
1303,2015-07-27,0.14
1304,2015-07-28,0.14
1305,2015-07-29,0.14
1306,2015-07-30,0.14
1307,2015-07-31,0.08
1310,2015-08-03,0.14
1311,2015-08-04,0.14
1312,2015-08-05,0.14
1313,2015-08-06,0.14
1314,2015-08-07,0.14
1317,2015-08-10,0.14
1318,2015-08-11,0.15
1319,2015-08-12,0.15
1320,2015-08-13,0.15
1321,2015-08-14,0.14
1324,2015-08-17,0.15
1325,2015-08-18,0.15
1326,2015-08-19,0.15
1327,2015-08-20,0.15
1328,2015-08-21,0.15
1331,2015-08-24,0.15
1332,2015-08-25,0.15
1333,2015-08-26,0.14
1334,2015-08-27,0.14
1335,2015-08-28,0.14
1338,2015-08-31,0.08
1339,2015-09-01,0.14
1340,2015-09-02,0.14
1341,2015-09-03,0.14
1342,2015-09-04,0.14
1346,2015-09-08,0.14
1347,2015-09-09,0.14
1348,2015-09-10,0.14
1349,2015-09-11,0.14
1352,2015-09-14,0.14
1353,2015-09-15,0.14
1354,2015-09-16,0.14
1355,2015-09-17,0.14
1356,2015-09-18,0.14
1359,2015-09-21,0.14
1360,2015-09-22,0.14
1361,2015-09-23,0.14
1362,2015-09-24,0.14
1363,2015-09-25,0.13
1366,2015-09-28,0.13
1367,2015-09-29,0.13
1368,2015-09-30,0.07
1369,2015-10-01,0.13
1370,2015-10-02,0.13
1373,2015-10-05,0.13
1374,2015-10-06,0.13
1375,2015-10-07,0.13
1376,2015-10-08,0.13
1377,2015-10-09,0.13
1380,2015-10-12,0.13
1381,2015-10-13,0.13
1382,2015-10-14,0.13
1383,2015-10-15,0.13
1384,2015-10-16,0.13
1387,2015-10-19,0.13
1388,2015-10-20,0.13
1389,2015-10-21,0.13
1390,2015-10-22,0.12
1391,2015-10-23,0.12
1394,2015-10-26,0.12
1395,2015-10-27,0.12
1396,2015-10-28,0.12
1397,2015-10-29,0.12
1398,2015-10-30,0.07
1401,2015-11-02,0.12
1402,2015-11-03,0.12
1403,2015-11-04,0.12
1404,2015-11-05,0.12
1405,2015-11-06,0.12
1408,2015-11-09,0.12
1409,2015-11-10,0.12
1410,2015-11-11,0.12
1411,2015-11-12,0.12
1412,2015-11-13,0.12
1415,2015-11-16,0.13
1416,2015-11-17,0.13
1417,2015-11-18,0.12
1418,2015-11-19,0.12
1419,2015-11-20,0.12
1422,2015-11-23,0.12
1423,2015-11-24,0.12
1424,2015-11-25,0.12
1426,2015-11-27,0.12
1429,2015-11-30,0.08
1430,2015-12-01,0.13
1431,2015-12-02,0.13
1432,2015-12-03,0.13
1433,2015-12-04,0.13
1436,2015-12-07,0.13
1437,2015-12-08,0.13
1438,2015-12-09,0.14
1439,2015-12-10,0.14
1440,2015-12-11,0.14
1443,2015-12-14,0.15
1444,2015-12-15,0.15
1445,2015-12-16,0.15
1446,2015-12-17,0.37
1447,2015-12-18,0.37
1450,2015-12-21,0.36
1451,2015-12-22,0.36
1452,2015-12-23,0.36
1453,2015-12-24,0.36
1457,2015-12-28,0.36
1458,2015-12-29,0.36
1459,2015-12-30,0.35
1460,2015-12-31,0.2
1464,2016-01-04,0.36
1465,2016-01-05,0.36
1466,2016-01-06,0.36
1467,2016-01-07,0.36
1468,2016-01-08,0.36
1471,2016-01-11,0.36
1472,2016-01-12,0.36
1473,2016-01-13,0.36
1474,2016-01-14,0.36
1475,2016-01-15,0.36
1479,2016-01-19,0.36
1480,2016-01-20,0.37
1481,2016-01-21,0.37
1482,2016-01-22,0.38
1485,2016-01-25,0.38
1486,2016-01-26,0.38
1487,2016-01-27,0.38
1488,2016-01-28,0.38
1489,2016-01-29,0.29
1492,2016-02-01,0.38
1493,2016-02-02,0.38
1494,2016-02-03,0.38
1495,2016-02-04,0.38
1496,2016-02-05,0.38
1499,2016-02-08,0.38
1500,2016-02-09,0.38
1501,2016-02-10,0.38
1502,2016-02-11,0.38
1503,2016-02-12,0.38
1507,2016-02-16,0.38
1508,2016-02-17,0.37
1509,2016-02-18,0.38
1510,2016-02-19,0.38
1513,2016-02-22,0.38
1514,2016-02-23,0.38
1515,2016-02-24,0.38
1516,2016-02-25,0.37
1517,2016-02-26,0.37
1520,2016-02-29,0.29
1521,2016-03-01,0.36
1522,2016-03-02,0.37
1523,2016-03-03,0.37
1524,2016-03-04,0.36
1527,2016-03-07,0.36
1528,2016-03-08,0.36
1529,2016-03-09,0.36
1530,2016-03-10,0.36
1531,2016-03-11,0.36
1534,2016-03-14,0.36
1535,2016-03-15,0.37
1536,2016-03-16,0.37
1537,2016-03-17,0.37
1538,2016-03-18,0.37
1541,2016-03-21,0.37
1542,2016-03-22,0.37
1543,2016-03-23,0.37
1544,2016-03-24,0.37
1548,2016-03-28,0.37
1549,2016-03-29,0.37
1550,2016-03-30,0.37
1551,2016-03-31,0.25
1552,2016-04-01,0.37
1555,2016-04-04,0.37
1556,2016-04-05,0.37
1557,2016-04-06,0.37
1558,2016-04-07,0.37
1559,2016-04-08,0.37
1562,2016-04-11,0.37
1563,2016-04-12,0.37
1564,2016-04-13,0.37
1565,2016-04-14,0.37
1566,2016-04-15,0.37
1569,2016-04-18,0.37
1570,2016-04-19,0.37
1571,2016-04-20,0.37
1572,2016-04-21,0.37
1573,2016-04-22,0.37
1576,2016-04-25,0.37
1577,2016-04-26,0.37
1578,2016-04-27,0.37
1579,2016-04-28,0.37
1580,2016-04-29,0.3
1583,2016-05-02,0.37
1584,2016-05-03,0.37
1585,2016-05-04,0.37
1590,2016-05-09,0.37
1591,2016-05-10,0.37
1592,2016-05-11,0.37
1593,2016-05-12,0.37
1594,2016-05-13,0.37
1597,2016-05-16,0.37
1598,2016-05-17,0.37
1599,2016-05-18,0.37
1600,2016-05-19,0.37
1601,2016-05-20,0.37
1604,2016-05-23,0.37
1605,2016-05-24,0.37
1606,2016-05-25,0.37
1607,2016-05-26,0.37
1608,2016-05-27,0.37
1612,2016-05-31,0.29
1613,2016-06-01,0.37
1614,2016-06-02,0.37
1615,2016-06-03,0.37
1618,2016-06-06,0.37
1619,2016-06-07,0.37
1620,2016-06-08,0.37
1621,2016-06-09,0.37
1622,2016-06-10,0.37
1625,2016-06-13,0.37
1626,2016-06-14,0.37
1627,2016-06-15,0.37
1628,2016-06-16,0.38
1629,2016-06-17,0.38
1632,2016-06-20,0.38
1633,2016-06-21,0.38
1634,2016-06-22,0.38
1635,2016-06-23,0.39
1636,2016-06-24,0.4
1639,2016-06-27,0.41
1640,2016-06-28,0.41
1641,2016-06-29,0.41
1642,2016-06-30,0.3
1643,2016-07-01,0.41
1647,2016-07-05,0.4
1648,2016-07-06,0.4
1649,2016-07-07,0.4
1650,2016-07-08,0.4
1653,2016-07-11,0.4
1654,2016-07-12,0.4
1655,2016-07-13,0.4
1656,2016-07-14,0.4
1657,2016-07-15,0.4
1660,2016-07-18,0.4
1661,2016-07-19,0.4
1662,2016-07-20,0.4
1663,2016-07-21,0.4
1664,2016-07-22,0.4
1667,2016-07-25,0.4
1668,2016-07-26,0.4
1669,2016-07-27,0.4
1670,2016-07-28,0.4
1671,2016-07-29,0.3
1674,2016-08-01,0.4
1675,2016-08-02,0.4
1676,2016-08-03,0.4
1677,2016-08-04,0.4
1678,2016-08-05,0.4
1681,2016-08-08,0.4
1682,2016-08-09,0.4
1683,2016-08-10,0.4
1684,2016-08-11,0.4
1685,2016-08-12,0.4
1688,2016-08-15,0.4
1689,2016-08-16,0.4
1690,2016-08-17,0.4
1691,2016-08-18,0.4
1692,2016-08-19,0.4
1695,2016-08-22,0.4
1696,2016-08-23,0.4
1697,2016-08-24,0.4
1698,2016-08-25,0.4
1699,2016-08-26,0.4
1702,2016-08-29,0.4
1703,2016-08-30,0.4
1704,2016-08-31,0.3
1705,2016-09-01,0.4
1706,2016-09-02,0.4
1710,2016-09-06,0.4
1711,2016-09-07,0.4
1712,2016-09-08,0.4
1713,2016-09-09,0.4
1716,2016-09-12,0.4
1717,2016-09-13,0.4
1718,2016-09-14,0.4
1719,2016-09-15,0.4
1720,2016-09-16,0.4
1723,2016-09-19,0.4
1724,2016-09-20,0.4
1725,2016-09-21,0.4
1726,2016-09-22,0.4
1727,2016-09-23,0.4
1730,2016-09-26,0.4
1731,2016-09-27,0.4
1732,2016-09-28,0.4
1733,2016-09-29,0.4
1734,2016-09-30,0.29
1737,2016-10-03,0.4
1738,2016-10-04,0.4
1739,2016-10-05,0.4
1740,2016-10-06,0.4
1741,2016-10-07,0.4
1744,2016-10-10,0.4
1745,2016-10-11,0.41
1746,2016-10-12,0.41
1747,2016-10-13,0.41
1748,2016-10-14,0.41
1751,2016-10-17,0.41
1752,2016-10-18,0.41
1753,2016-10-19,0.41
1754,2016-10-20,0.41
1755,2016-10-21,0.41
1758,2016-10-24,0.41
1759,2016-10-25,0.41
1760,2016-10-26,0.41
1761,2016-10-27,0.41
1762,2016-10-28,0.41
1765,2016-10-31,0.31
1766,2016-11-01,0.41
1767,2016-11-02,0.41
1768,2016-11-03,0.41
1769,2016-11-04,0.41
1772,2016-11-07,0.41
1773,2016-11-08,0.41
1774,2016-11-09,0.41
1775,2016-11-10,0.41
1776,2016-11-11,0.41
1779,2016-11-14,0.41
1780,2016-11-15,0.41
1781,2016-11-16,0.41
1782,2016-11-17,0.41
1783,2016-11-18,0.41
1786,2016-11-21,0.41
1787,2016-11-22,0.41
1788,2016-11-23,0.41
1790,2016-11-25,0.41
1793,2016-11-28,0.41
1794,2016-11-29,0.41
1795,2016-11-30,0.31
1796,2016-12-01,0.41
1797,2016-12-02,0.41
1800,2016-12-05,0.41
1801,2016-12-06,0.41
1802,2016-12-07,0.41
1803,2016-12-08,0.41
1804,2016-12-09,0.41
1807,2016-12-12,0.41
1808,2016-12-13,0.41
1809,2016-12-14,0.41
1810,2016-12-15,0.66
1811,2016-12-16,0.66
1814,2016-12-19,0.66
1815,2016-12-20,0.66
1816,2016-12-21,0.66
1817,2016-12-22,0.66
1818,2016-12-23,0.66
1822,2016-12-27,0.66
1823,2016-12-28,0.66
1824,2016-12-29,0.66
1825,2016-12-30,0.55
2013,2017-07-06,1.16
2014,2017-07-07,1.16
2017,2017-07-10,1.16
2018,2017-07-11,1.16
2019,2017-07-12,1.16
2020,2017-07-13,1.16
2021,2017-07-14,1.16
2024,2017-07-17,1.16
2025,2017-07-18,1.16
2026,2017-07-19,1.16
2027,2017-07-20,1.16
2028,2017-07-21,1.16
2031,2017-07-24,1.16
2032,2017-07-25,1.16
2033,2017-07-26,1.16
2034,2017-07-27,1.16
2035,2017-07-28,1.16
2038,2017-07-31,1.07
2039,2017-08-01,1.16
2040,2017-08-02,1.16
2041,2017-08-03,1.16
2042,2017-08-04,1.16
2045,2017-08-07,1.16
2046,2017-08-08,1.16
2047,2017-08-09,1.16
2048,2017-08-10,1.16
2049,2017-08-11,1.16
2052,2017-08-14,1.16
2053,2017-08-15,1.16
2054,2017-08-16,1.16
2055,2017-08-17,1.16
2056,2017-08-18,1.16
2059,2017-08-21,1.16
2060,2017-08-22,1.16
2061,2017-08-23,1.16
2062,2017-08-24,1.16
2063,2017-08-25,1.16
2066,2017-08-28,1.16
2067,2017-08-29,1.16
2068,2017-08-30,1.16
2069,2017-08-31,1.07
2070,2017-09-01,1.16
2074,2017-09-05,1.16
2075,2017-09-06,1.16
2076,2017-09-07,1.16
2077,2017-09-08,1.16
2081,2017-09-12,1.16
2082,2017-09-13,1.16
2083,2017-09-14,1.16
2084,2017-09-15,1.16
2087,2017-09-18,1.16
2088,2017-09-19,1.16
2089,2017-09-20,1.16
2090,2017-09-21,1.16
2091,2017-09-22,1.16
2094,2017-09-25,1.16
2095,2017-09-26,1.16
2096,2017-09-27,1.16
2097,2017-09-28,1.16
2098,2017-09-29,1.06
2101,2017-10-02,1.16
2102,2017-10-03,1.16
2103,2017-10-04,1.16
2104,2017-10-05,1.16
2105,2017-10-06,1.16
2108,2017-10-09,1.16
2109,2017-10-10,1.16
2110,2017-10-11,1.16
2111,2017-10-12,1.16
2112,2017-10-13,1.16
2115,2017-10-16,1.16
2116,2017-10-17,1.16
2117,2017-10-18,1.16
2118,2017-10-19,1.16
2119,2017-10-20,1.16
2122,2017-10-23,1.16
2123,2017-10-24,1.16
2124,2017-10-25,1.16
2125,2017-10-26,1.16
2126,2017-10-27,1.16
2129,2017-10-30,1.16
2130,2017-10-31,1.07
2131,2017-11-01,1.16
2132,2017-11-02,1.16
2133,2017-11-03,1.16
2136,2017-11-06,1.16
2137,2017-11-07,1.16
2138,2017-11-08,1.16
2139,2017-11-09,1.16
2140,2017-11-10,1.16
2143,2017-11-13,1.16
2144,2017-11-14,1.16
2145,2017-11-15,1.16
2146,2017-11-16,1.16
2147,2017-11-17,1.16
2150,2017-11-20,1.16
2151,2017-11-21,1.16
2152,2017-11-22,1.16
2154,2017-11-24,1.16
2157,2017-11-27,1.16
2158,2017-11-28,1.16
2159,2017-11-29,1.16
2160,2017-11-30,1.07
2161,2017-12-01,1.16
2164,2017-12-04,1.16
2165,2017-12-05,1.16
2166,2017-12-06,1.16
2167,2017-12-07,1.16
2168,2017-12-08,1.16
2171,2017-12-11,1.16
2172,2017-12-12,1.17
2173,2017-12-13,1.17
2174,2017-12-14,1.41
2175,2017-12-15,1.41
2178,2017-12-18,1.42
2179,2017-12-19,1.42
2180,2017-12-20,1.42
2181,2017-12-21,1.42
2182,2017-12-22,1.42
2186,2017-12-26,1.42
2187,2017-12-27,1.42
2188,2017-12-28,1.42
2189,2017-12-29,1.33
2193,2018-01-02,1.42
2194,2018-01-03,1.42
2195,2018-01-04,1.42
2196,2018-01-05,1.42
2199,2018-01-08,1.42
2200,2018-01-09,1.42
2201,2018-01-10,1.42
2202,2018-01-11,1.42
2203,2018-01-12,1.42
2207,2018-01-16,1.42
2208,2018-01-17,1.42
2209,2018-01-18,1.42
2210,2018-01-19,1.42
2213,2018-01-22,1.42
2214,2018-01-23,1.42
2215,2018-01-24,1.42
2216,2018-01-25,1.42
2217,2018-01-26,1.42
2220,2018-01-29,1.42
2221,2018-01-30,1.42
2222,2018-01-31,1.34
2223,2018-02-01,1.42
2224,2018-02-02,1.42
2227,2018-02-05,1.42
2228,2018-02-06,1.42
2229,2018-02-07,1.42
2230,2018-02-08,1.42
2231,2018-02-09,1.42
2234,2018-02-12,1.42
2235,2018-02-13,1.42
2236,2018-02-14,1.42
2237,2018-02-15,1.42
2238,2018-02-16,1.42
2242,2018-02-20,1.42
2243,2018-02-21,1.42
2244,2018-02-22,1.42
2245,2018-02-23,1.42
2248,2018-02-26,1.42
2249,2018-02-27,1.42
2250,2018-02-28,1.35
2251,2018-03-01,1.42
2252,2018-03-02,1.42
2255,2018-03-05,1.42
2256,2018-03-06,1.42
2257,2018-03-07,1.42
2258,2018-03-08,1.42
2259,2018-03-09,1.42
2262,2018-03-12,1.42
2263,2018-03-13,1.42
2264,2018-03-14,1.42
2265,2018-03-15,1.43
2266,2018-03-16,1.43
2269,2018-03-19,1.43
2270,2018-03-20,1.44
2271,2018-03-21,1.44
2272,2018-03-22,1.68
2273,2018-03-23,1.68
2276,2018-03-26,1.68
2277,2018-03-27,1.68
2278,2018-03-28,1.68
2279,2018-03-29,1.68
2283,2018-04-02,1.68
2284,2018-04-03,1.69
2285,2018-04-04,1.69
2286,2018-04-05,1.69
2287,2018-04-06,1.69
2290,2018-04-09,1.69
2291,2018-04-10,1.69
2292,2018-04-11,1.69
2293,2018-04-12,1.69
2294,2018-04-13,1.69
2297,2018-04-16,1.69
2298,2018-04-17,1.69
2299,2018-04-18,1.69
2300,2018-04-19,1.69
2301,2018-04-20,1.7
2304,2018-04-23,1.7
2305,2018-04-24,1.7
2306,2018-04-25,1.7
2307,2018-04-26,1.7
2308,2018-04-27,1.7
2311,2018-04-30,1.69
2312,2018-05-01,1.7
2313,2018-05-02,1.7
2314,2018-05-03,1.7
2315,2018-05-04,1.7
2318,2018-05-07,1.7
2319,2018-05-08,1.7
2320,2018-05-09,1.7
2321,2018-05-10,1.7
2322,2018-05-11,1.7
2325,2018-05-14,1.7
2326,2018-05-15,1.7
2327,2018-05-16,1.7
2328,2018-05-17,1.7
2329,2018-05-18,1.7
2332,2018-05-21,1.7
2333,2018-05-22,1.7
2334,2018-05-23,1.7
2335,2018-05-24,1.7
2336,2018-05-25,1.7
2340,2018-05-29,1.7
2341,2018-05-30,1.7
2342,2018-05-31,1.7
2343,2018-06-01,1.7
2346,2018-06-04,1.7
2347,2018-06-05,1.7
2348,2018-06-06,1.7
2349,2018-06-07,1.7
2350,2018-06-08,1.7
2353,2018-06-11,1.7
2354,2018-06-12,1.7
2355,2018-06-13,1.7
2356,2018-06-14,1.9
2357,2018-06-15,1.9
2360,2018-06-18,1.9
2361,2018-06-19,1.91
2362,2018-06-20,1.92
2363,2018-06-21,1.92
2364,2018-06-22,1.92
2367,2018-06-25,1.92
2368,2018-06-26,1.92
2369,2018-06-27,1.91
2370,2018-06-28,1.91
2371,2018-06-29,1.91
2374,2018-07-02,1.91
2375,2018-07-03,1.91
2377,2018-07-05,1.91
2378,2018-07-06,1.91
2381,2018-07-09,1.91
2382,2018-07-10,1.91
2383,2018-07-11,1.91
2384,2018-07-12,1.91
2385,2018-07-13,1.91
2388,2018-07-16,1.91
2389,2018-07-17,1.91
2390,2018-07-18,1.91
2391,2018-07-19,1.91
2392,2018-07-20,1.91
2395,2018-07-23,1.91
2396,2018-07-24,1.91
2397,2018-07-25,1.91
2398,2018-07-26,1.91
2399,2018-07-27,1.91
2402,2018-07-30,1.91
2403,2018-07-31,1.91
2404,2018-08-01,1.91
2405,2018-08-02,1.91
2406,2018-08-03,1.91
2409,2018-08-06,1.91
2410,2018-08-07,1.91
2411,2018-08-08,1.91
2412,2018-08-09,1.91
2413,2018-08-10,1.91
2416,2018-08-13,1.91
2417,2018-08-14,1.91
2418,2018-08-15,1.91
2419,2018-08-16,1.92
2420,2018-08-17,1.92
2423,2018-08-20,1.92
2424,2018-08-21,1.92
2425,2018-08-22,1.92
2426,2018-08-23,1.92
2427,2018-08-24,1.92
2430,2018-08-27,1.92
2431,2018-08-28,1.92
2432,2018-08-29,1.92
2433,2018-08-30,1.92
2434,2018-08-31,1.91
2438,2018-09-04,1.92
2439,2018-09-05,1.92
2440,2018-09-06,1.92
2444,2018-09-10,1.92
2445,2018-09-11,1.92
2446,2018-09-12,1.92
2447,2018-09-13,1.92
2448,2018-09-14,1.92
2451,2018-09-17,1.92
2452,2018-09-18,1.92
2453,2018-09-19,1.92
2454,2018-09-20,1.92
2455,2018-09-21,1.92
2458,2018-09-24,1.93
2459,2018-09-25,1.93
2460,2018-09-26,1.93
2461,2018-09-27,2.18
2462,2018-09-28,2.18
2465,2018-10-01,2.18
2466,2018-10-02,2.18
2467,2018-10-03,2.18
2468,2018-10-04,2.18
2469,2018-10-05,2.18
2472,2018-10-08,2.18
2473,2018-10-09,2.18
2474,2018-10-10,2.18
2475,2018-10-11,2.18
2476,2018-10-12,2.18
2479,2018-10-15,2.18
2480,2018-10-16,2.18
2481,2018-10-17,2.19
2482,2018-10-18,2.19
2483,2018-10-19,2.19
2486,2018-10-22,2.19
2487,2018-10-23,2.2
2488,2018-10-24,2.2
2489,2018-10-25,2.2
2490,2018-10-26,2.2
2493,2018-10-29,2.2
2494,2018-10-30,2.2
2495,2018-10-31,2.2
2496,2018-11-01,2.2
2497,2018-11-02,2.19
2500,2018-11-05,2.2
2501,2018-11-06,2.2
2502,2018-11-07,2.2
2503,2018-11-08,2.2
2504,2018-11-09,2.19
2507,2018-11-12,2.19
2508,2018-11-13,2.2
2509,2018-11-14,2.2
2510,2018-11-15,2.2
2511,2018-11-16,2.2
2514,2018-11-19,2.2
2515,2018-11-20,2.2
2516,2018-11-21,2.2
2518,2018-11-23,2.2
2521,2018-11-26,2.2
2522,2018-11-27,2.2
2523,2018-11-28,2.2
2524,2018-11-29,2.2
2525,2018-11-30,2.2
2528,2018-12-03,2.19
2529,2018-12-04,2.2
2531,2018-12-06,2.2
2532,2018-12-07,2.19
2535,2018-12-10,2.2
2536,2018-12-11,2.19
2537,2018-12-12,2.19
2538,2018-12-13,2.19
2539,2018-12-14,2.19
2542,2018-12-17,2.2
2543,2018-12-18,2.2
2544,2018-12-19,2.2
2545,2018-12-20,2.4
2546,2018-12-21,2.4
2549,2018-12-24,2.4
2551,2018-12-26,2.4
2552,2018-12-27,2.4
2553,2018-12-28,2.4
2556,2018-12-31,2.4
2558,2019-01-02,2.4
2559,2019-01-03,2.4
2560,2019-01-04,2.4
2563,2019-01-07,2.4
2564,2019-01-08,2.4
2565,2019-01-09,2.4
2566,2019-01-10,2.4
2567,2019-01-11,2.4
2570,2019-01-14,2.4
2571,2019-01-15,2.4
2572,2019-01-16,2.4
2573,2019-01-17,2.4
2574,2019-01-18,2.4
2578,2019-01-22,2.4
2579,2019-01-23,2.4
2580,2019-01-24,2.4
2581,2019-01-25,2.4
2584,2019-01-28,2.4
2585,2019-01-29,2.4
2586,2019-01-30,2.4
2587,2019-01-31,2.4
2588,2019-02-01,2.4
2591,2019-02-04,2.4
2592,2019-02-05,2.4
2593,2019-02-06,2.4
2594,2019-02-07,2.4
2595,2019-02-08,2.4
2598,2019-02-11,2.4
2599,2019-02-12,2.4
2600,2019-02-13,2.4
2601,2019-02-14,2.4
2602,2019-02-15,2.4
2606,2019-02-19,2.4
2607,2019-02-20,2.4
2608,2019-02-21,2.4
2609,2019-02-22,2.4
2612,2019-02-25,2.4
2613,2019-02-26,2.4
2614,2019-02-27,2.4
2615,2019-02-28,2.4
2616,2019-03-01,2.4
2619,2019-03-04,2.4
2620,2019-03-05,2.4
2621,2019-03-06,2.4
2622,2019-03-07,2.4
2623,2019-03-08,2.4
2626,2019-03-11,2.4
2627,2019-03-12,2.4
2628,2019-03-13,2.4
2629,2019-03-14,2.4
2630,2019-03-15,2.4
2633,2019-03-18,2.4
2634,2019-03-19,2.4
2635,2019-03-20,2.41
2636,2019-03-21,2.41
2637,2019-03-22,2.41
2640,2019-03-25,2.4
2641,2019-03-26,2.4
2642,2019-03-27,2.41
2643,2019-03-28,2.41
2644,2019-03-29,2.43
2647,2019-04-01,2.41
2648,2019-04-02,2.41
2649,2019-04-03,2.41
2650,2019-04-04,2.41
2651,2019-04-05,2.41
2654,2019-04-08,2.41
2655,2019-04-09,2.41
2656,2019-04-10,2.41
2657,2019-04-11,2.41
2658,2019-04-12,2.41
2661,2019-04-15,2.41
2662,2019-04-16,2.41
2663,2019-04-17,2.42
2664,2019-04-18,2.43
2668,2019-04-22,2.44
2669,2019-04-23,2.44
2670,2019-04-24,2.44
2671,2019-04-25,2.44
2672,2019-04-26,2.44
2675,2019-04-29,2.45
2676,2019-04-30,2.45
2677,2019-05-01,2.45
2678,2019-05-02,2.41
2679,2019-05-03,2.4
2682,2019-05-06,2.4
2683,2019-05-07,2.4
2684,2019-05-08,2.39
2685,2019-05-09,2.38
2686,2019-05-10,2.38
2689,2019-05-13,2.38
2690,2019-05-14,2.38
2691,2019-05-15,2.4
2692,2019-05-16,2.39
2693,2019-05-17,2.39
2696,2019-05-20,2.39
2697,2019-05-21,2.39
2698,2019-05-22,2.38
2699,2019-05-23,2.38
2700,2019-05-24,2.38
2704,2019-05-28,2.39
2705,2019-05-29,2.39
2706,2019-05-30,2.39
2707,2019-05-31,2.4
2710,2019-06-03,2.38
2711,2019-06-04,2.38
2712,2019-06-05,2.38
2713,2019-06-06,2.37
2714,2019-06-07,2.37
2717,2019-06-10,2.37
2718,2019-06-11,2.37
2719,2019-06-12,2.37
2720,2019-06-13,2.37
2721,2019-06-14,2.36
2724,2019-06-17,2.38
2725,2019-06-18,2.37
2726,2019-06-19,2.37
2727,2019-06-20,2.37
2728,2019-06-21,2.38
2731,2019-06-24,2.38
2732,2019-06-25,2.38
2733,2019-06-26,2.38
2734,2019-06-27,2.38
2735,2019-06-28,2.4
2738,2019-07-01,2.39
2739,2019-07-02,2.4
2740,2019-07-03,2.41
2742,2019-07-05,2.42
2745,2019-07-08,2.41
2746,2019-07-09,2.41
2747,2019-07-10,2.41
2748,2019-07-11,2.4
2749,2019-07-12,2.38
2752,2019-07-15,2.4
2753,2019-07-16,2.41
2754,2019-07-17,2.41
2755,2019-07-18,2.41
2756,2019-07-19,2.41
2759,2019-07-22,2.4
2760,2019-07-23,2.4
2761,2019-07-24,2.4
2762,2019-07-25,2.4
2763,2019-07-26,2.4
2766,2019-07-29,2.4
2767,2019-07-30,2.39
2768,2019-07-31,2.4
2769,2019-08-01,2.14
2770,2019-08-02,2.14
2773,2019-08-05,2.13
2774,2019-08-06,2.13
2775,2019-08-07,2.12
2776,2019-08-08,2.12
2777,2019-08-09,2.12
2780,2019-08-12,2.12
2781,2019-08-13,2.12
2782,2019-08-14,2.12
2783,2019-08-15,2.13
2784,2019-08-16,2.13
2787,2019-08-19,2.13
2788,2019-08-20,2.13
2789,2019-08-21,2.12
2790,2019-08-22,2.12
2791,2019-08-23,2.12
2794,2019-08-26,2.12
2795,2019-08-27,2.12
2796,2019-08-28,2.12
2797,2019-08-29,2.12
2798,2019-08-30,2.13
2802,2019-09-03,2.13
2803,2019-09-04,2.13
2804,2019-09-05,2.13
2805,2019-09-06,2.12
2808,2019-09-09,2.13
2809,2019-09-10,2.13
2810,2019-09-11,2.13
2811,2019-09-12,2.13
2812,2019-09-13,2.14
2815,2019-09-16,2.25
2816,2019-09-17,2.3
2817,2019-09-18,2.25
2818,2019-09-19,1.9
2819,2019-09-20,1.9
2822,2019-09-23,1.9
2823,2019-09-24,1.9
2824,2019-09-25,1.9
2825,2019-09-26,1.85
2829,2019-09-30,1.9
2836,2019-10-07,1.82
2840,2019-10-11,1.82
2844,2019-10-15,1.9
2845,2019-10-16,1.9
2846,2019-10-17,1.85
2847,2019-10-18,1.85
2850,2019-10-21,1.85
2851,2019-10-22,1.85
2852,2019-10-23,1.85
2853,2019-10-24,1.85
2854,2019-10-25,1.83
2857,2019-10-28,1.83
2858,2019-10-29,1.82
2859,2019-10-30,1.82
2860,2019-10-31,1.58
2861,2019-11-01,1.57
2864,2019-11-04,1.56
2865,2019-11-05,1.56
2866,2019-11-06,1.55
2867,2019-11-07,1.55
2868,2019-11-08,1.55
2871,2019-11-11,1.55
2872,2019-11-12,1.55
2873,2019-11-13,1.55
2874,2019-11-14,1.55
2875,2019-11-15,1.55
2878,2019-11-18,1.55
2879,2019-11-19,1.55
2880,2019-11-20,1.55
2881,2019-11-21,1.55
2882,2019-11-22,1.55
2885,2019-11-25,1.55
2886,2019-11-26,1.55
2887,2019-11-27,1.55
2889,2019-11-29,1.56
2892,2019-12-02,1.56
2893,2019-12-03,1.55
2894,2019-12-04,1.55
2895,2019-12-05,1.55
2896,2019-12-06,1.55
2899,2019-12-09,1.55
2900,2019-12-10,1.55
2901,2019-12-11,1.55
2902,2019-12-12,1.55
2903,2019-12-13,1.55
2906,2019-12-16,1.56
2907,2019-12-17,1.55
2908,2019-12-18,1.55
2909,2019-12-19,1.55
2910,2019-12-20,1.55
2913,2019-12-23,1.55
2914,2019-12-24,1.55
2916,2019-12-26,1.55
2917,2019-12-27,1.55
2920,2019-12-30,1.55
2921,2019-12-31,1.55
2923,2020-01-02,1.55
2924,2020-01-03,1.55
2927,2020-01-06,1.55
2928,2020-01-07,1.55
2929,2020-01-08,1.55
2930,2020-01-09,1.55
2931,2020-01-10,1.54
2934,2020-01-13,1.54
2935,2020-01-14,1.54
2936,2020-01-15,1.54
2937,2020-01-16,1.54
2938,2020-01-17,1.55
2942,2020-01-21,1.55
2943,2020-01-22,1.55
2944,2020-01-23,1.55
2945,2020-01-24,1.55
2948,2020-01-27,1.55
2949,2020-01-28,1.55
2950,2020-01-29,1.55
2951,2020-01-30,1.6
2952,2020-01-31,1.59
2955,2020-02-03,1.59
2956,2020-02-04,1.59
2957,2020-02-05,1.59
2958,2020-02-06,1.59
2959,2020-02-07,1.58
2962,2020-02-10,1.58
2963,2020-02-11,1.58
2964,2020-02-12,1.58
2965,2020-02-13,1.58
2966,2020-02-14,1.58
2970,2020-02-18,1.59
2971,2020-02-19,1.59
2972,2020-02-20,1.59
2973,2020-02-21,1.58
2976,2020-02-24,1.58
2977,2020-02-25,1.58
2978,2020-02-26,1.58
2979,2020-02-27,1.58
2980,2020-02-28,1.58
2983,2020-03-02,1.59
2984,2020-03-03,1.59
2985,2020-03-04,1.09
2986,2020-03-05,1.09
2987,2020-03-06,1.09
2990,2020-03-09,1.09
2991,2020-03-10,1.09
2992,2020-03-11,1.09
2993,2020-03-12,1.1
2994,2020-03-13,1.1
2997,2020-03-16,0.25
2998,2020-03-17,0.25
2999,2020-03-18,0.25
3000,2020-03-19,0.2
3001,2020-03-20,0.15
3004,2020-03-23,0.15
3005,2020-03-24,0.12
3006,2020-03-25,0.1
3007,2020-03-26,0.1
3008,2020-03-27,0.1
3011,2020-03-30,0.09
3012,2020-03-31,0.08
3013,2020-04-01,0.06
3014,2020-04-02,0.05
3015,2020-04-03,0.05
3018,2020-04-06,0.05
3019,2020-04-07,0.05
3020,2020-04-08,0.05
3021,2020-04-09,0.05
3025,2020-04-13,0.05
3026,2020-04-14,0.05
3027,2020-04-15,0.05
3028,2020-04-16,0.05
3029,2020-04-17,0.05
3032,2020-04-20,0.05
3033,2020-04-21,0.05
3034,2020-04-22,0.05
3035,2020-04-23,0.04
3036,2020-04-24,0.05
3039,2020-04-27,0.04
3040,2020-04-28,0.04
3041,2020-04-29,0.04
3042,2020-04-30,0.05
3043,2020-05-01,0.05
3046,2020-05-04,0.05
3047,2020-05-05,0.05
3048,2020-05-06,0.05
3049,2020-05-07,0.05
3050,2020-05-08,0.05
3053,2020-05-11,0.05
3054,2020-05-12,0.05
3055,2020-05-13,0.05
3056,2020-05-14,0.05
3057,2020-05-15,0.05
3060,2020-05-18,0.05
3061,2020-05-19,0.05
3062,2020-05-20,0.05
3063,2020-05-21,0.05
3064,2020-05-22,0.05
3068,2020-05-26,0.05
3069,2020-05-27,0.05
3070,2020-05-28,0.05
3071,2020-05-29,0.05
3074,2020-06-01,0.05
3075,2020-06-02,0.06
3076,2020-06-03,0.06
3077,2020-06-04,0.06
3078,2020-06-05,0.07
3081,2020-06-08,0.07
3082,2020-06-09,0.07
3083,2020-06-10,0.08
3084,2020-06-11,0.08
3085,2020-06-12,0.08
3088,2020-06-15,0.09
3089,2020-06-16,0.09
3090,2020-06-17,0.09
3091,2020-06-18,0.09
3092,2020-06-19,0.09
3095,2020-06-22,0.08
3096,2020-06-23,0.08
3097,2020-06-24,0.08
3098,2020-06-25,0.08
3099,2020-06-26,0.08
3102,2020-06-29,0.08
3103,2020-06-30,0.08
3104,2020-07-01,0.08
3105,2020-07-02,0.09
3109,2020-07-06,0.09
3110,2020-07-07,0.09
3111,2020-07-08,0.09
3112,2020-07-09,0.09
3113,2020-07-10,0.09
3116,2020-07-13,0.09
3117,2020-07-14,0.09
3118,2020-07-15,0.1
3119,2020-07-16,0.1
3120,2020-07-17,0.09
3123,2020-07-20,0.1
3124,2020-07-21,0.1
3125,2020-07-22,0.09
3126,2020-07-23,0.09
3127,2020-07-24,0.09
3130,2020-07-27,0.1
3131,2020-07-28,0.1
3132,2020-07-29,0.1
3133,2020-07-30,0.1
3134,2020-07-31,0.1
3137,2020-08-03,0.1
3138,2020-08-04,0.1
3139,2020-08-05,0.1
3140,2020-08-06,0.1
3141,2020-08-07,0.1
3144,2020-08-10,0.1
3145,2020-08-11,0.1
3146,2020-08-12,0.1
3147,2020-08-13,0.1
3148,2020-08-14,0.1
3151,2020-08-17,0.1
3152,2020-08-18,0.09
3153,2020-08-19,0.09
3154,2020-08-20,0.09
3155,2020-08-21,0.09
3158,2020-08-24,0.09
3159,2020-08-25,0.09
3160,2020-08-26,0.09
3161,2020-08-27,0.08
3162,2020-08-28,0.09
3165,2020-08-31,0.09
3166,2020-09-01,0.09
3167,2020-09-02,0.09
3168,2020-09-03,0.09
3169,2020-09-04,0.09
3173,2020-09-08,0.09
3174,2020-09-09,0.09
3175,2020-09-10,0.09
3176,2020-09-11,0.09
3179,2020-09-14,0.09
3180,2020-09-15,0.09
3181,2020-09-16,0.09
3182,2020-09-17,0.09
3183,2020-09-18,0.09
3186,2020-09-21,0.09
3187,2020-09-22,0.09
3188,2020-09-23,0.09
3189,2020-09-24,0.09
3190,2020-09-25,0.09
3193,2020-09-28,0.09
3194,2020-09-29,0.09
3195,2020-09-30,0.09
3196,2020-10-01,0.09
3197,2020-10-02,0.09
3200,2020-10-05,0.09
3201,2020-10-06,0.09
3202,2020-10-07,0.09
3203,2020-10-08,0.09
3204,2020-10-09,0.09
3207,2020-10-12,0.09
3208,2020-10-13,0.09
3209,2020-10-14,0.09
3210,2020-10-15,0.09
3211,2020-10-16,0.09
3214,2020-10-19,0.09
3215,2020-10-20,0.09
3216,2020-10-21,0.09
3217,2020-10-22,0.09
3218,2020-10-23,0.09
3221,2020-10-26,0.09
3222,2020-10-27,0.09
3223,2020-10-28,0.09
3224,2020-10-29,0.09
3225,2020-10-30,0.09
3228,2020-11-02,0.09
3229,2020-11-03,0.09
3230,2020-11-04,0.09
3231,2020-11-05,0.09
3232,2020-11-06,0.09
3235,2020-11-09,0.09
3236,2020-11-10,0.09
3237,2020-11-11,0.09
3238,2020-11-12,0.09
3239,2020-11-13,0.09
3242,2020-11-16,0.09
3243,2020-11-17,0.09
3244,2020-11-18,0.09
3245,2020-11-19,0.08
3246,2020-11-20,0.08
3249,2020-11-23,0.08
3250,2020-11-24,0.08
3251,2020-11-25,0.08
3253,2020-11-27,0.08
3256,2020-11-30,0.09
3257,2020-12-01,0.09
3258,2020-12-02,0.09
3259,2020-12-03,0.09
3260,2020-12-04,0.09
3263,2020-12-07,0.09
3264,2020-12-08,0.09
3265,2020-12-09,0.09
3266,2020-12-10,0.09
3267,2020-12-11,0.09
3270,2020-12-14,0.09
3271,2020-12-15,0.09
3272,2020-12-16,0.09
3273,2020-12-17,0.09
3274,2020-12-18,0.09
3277,2020-12-21,0.09
3278,2020-12-22,0.09
3279,2020-12-23,0.09
3280,2020-12-24,0.09
3284,2020-12-28,0.09
3285,2020-12-29,0.09
3286,2020-12-30,0.09
3287,2020-12-31,0.09
3291,2021-01-04,0.09
3292,2021-01-05,0.09
3293,2021-01-06,0.09
3294,2021-01-07,0.09
3295,2021-01-08,0.09
3298,2021-01-11,0.09
3299,2021-01-12,0.09
3300,2021-01-13,0.09
3301,2021-01-14,0.09
3302,2021-01-15,0.09
3306,2021-01-19,0.09
3307,2021-01-20,0.09
3308,2021-01-21,0.08
3309,2021-01-22,0.08
3312,2021-01-25,0.08
3313,2021-01-26,0.08
3314,2021-01-27,0.08
3315,2021-01-28,0.07
3316,2021-01-29,0.07
3319,2021-02-01,0.08
3320,2021-02-02,0.08
3321,2021-02-03,0.08
3322,2021-02-04,0.08
3323,2021-02-05,0.08
3326,2021-02-08,0.07
3327,2021-02-09,0.08
3328,2021-02-10,0.08
3329,2021-02-11,0.08
3330,2021-02-12,0.08
3334,2021-02-16,0.08
3335,2021-02-17,0.08
3336,2021-02-18,0.07
3337,2021-02-19,0.07
3340,2021-02-22,0.07
3341,2021-02-23,0.07
3342,2021-02-24,0.07
3343,2021-02-25,0.07
3344,2021-02-26,0.07
3347,2021-03-01,0.07
3348,2021-03-02,0.07
3349,2021-03-03,0.07
3350,2021-03-04,0.07
3351,2021-03-05,0.07
3354,2021-03-08,0.07
3355,2021-03-09,0.07
3356,2021-03-10,0.07
3357,2021-03-11,0.07
3358,2021-03-12,0.07
3361,2021-03-15,0.07
3362,2021-03-16,0.07
3363,2021-03-17,0.07
3364,2021-03-18,0.07
3365,2021-03-19,0.07
3368,2021-03-22,0.07
3369,2021-03-23,0.07
3370,2021-03-24,0.07
3371,2021-03-25,0.07
3372,2021-03-26,0.07
3375,2021-03-29,0.07
3376,2021-03-30,0.07
3377,2021-03-31,0.06
3378,2021-04-01,0.07
3382,2021-04-05,0.07
3383,2021-04-06,0.07
3384,2021-04-07,0.07
3385,2021-04-08,0.07
3386,2021-04-09,0.07
3389,2021-04-12,0.07
3390,2021-04-13,0.07
3391,2021-04-14,0.07
3392,2021-04-15,0.07
3393,2021-04-16,0.07
3396,2021-04-19,0.07
3397,2021-04-20,0.07
3398,2021-04-21,0.07
3399,2021-04-22,0.07
3400,2021-04-23,0.07
3403,2021-04-26,0.07
3404,2021-04-27,0.07
3405,2021-04-28,0.07
3406,2021-04-29,0.06
3407,2021-04-30,0.05
3410,2021-05-03,0.06
3411,2021-05-04,0.06
3412,2021-05-05,0.06
3413,2021-05-06,0.06
3414,2021-05-07,0.06
3417,2021-05-10,0.06
3418,2021-05-11,0.06
3419,2021-05-12,0.06
3420,2021-05-13,0.06
3421,2021-05-14,0.06
3424,2021-05-17,0.06
3425,2021-05-18,0.06
3426,2021-05-19,0.06
3427,2021-05-20,0.06
3428,2021-05-21,0.06
3431,2021-05-24,0.06
3432,2021-05-25,0.06
3433,2021-05-26,0.06
3434,2021-05-27,0.06
3435,2021-05-28,0.05
3439,2021-06-01,0.06
3440,2021-06-02,0.06
3441,2021-06-03,0.06
3442,2021-06-04,0.06
3445,2021-06-07,0.06
3446,2021-06-08,0.06
3447,2021-06-09,0.06
3448,2021-06-10,0.06
3449,2021-06-11,0.06
3452,2021-06-14,0.06
3453,2021-06-15,0.06
3454,2021-06-16,0.06
3455,2021-06-17,0.1
3456,2021-06-18,0.1
3459,2021-06-21,0.1
3460,2021-06-22,0.1
3461,2021-06-23,0.1
3462,2021-06-24,0.1
3463,2021-06-25,0.1
3466,2021-06-28,0.1
3467,2021-06-29,0.1
3468,2021-06-30,0.08
3469,2021-07-01,0.1
3470,2021-07-02,0.1
3474,2021-07-06,0.1
3475,2021-07-07,0.1
3476,2021-07-08,0.1
3477,2021-07-09,0.1
3480,2021-07-12,0.1
3481,2021-07-13,0.1
3482,2021-07-14,0.1
3483,2021-07-15,0.1
3484,2021-07-16,0.1
3487,2021-07-19,0.1
3488,2021-07-20,0.1
3489,2021-07-21,0.1
3490,2021-07-22,0.1
3491,2021-07-23,0.1
3494,2021-07-26,0.1
3495,2021-07-27,0.1
3496,2021-07-28,0.1
3497,2021-07-29,0.1
3498,2021-07-30,0.07
3501,2021-08-02,0.1
3502,2021-08-03,0.1
3503,2021-08-04,0.1
3504,2021-08-05,0.1
3505,2021-08-06,0.1
3508,2021-08-09,0.1
3509,2021-08-10,0.1
3510,2021-08-11,0.1
3511,2021-08-12,0.1
3512,2021-08-13,0.1
3515,2021-08-16,0.1
3516,2021-08-17,0.1
3517,2021-08-18,0.09
3518,2021-08-19,0.09
3519,2021-08-20,0.09
3522,2021-08-23,0.09
3523,2021-08-24,0.09
3524,2021-08-25,0.09
3525,2021-08-26,0.09
3526,2021-08-27,0.08
3529,2021-08-30,0.08
3530,2021-08-31,0.06
3531,2021-09-01,0.08
3532,2021-09-02,0.08
3533,2021-09-03,0.08
3537,2021-09-07,0.08
3538,2021-09-08,0.08
3539,2021-09-09,0.08
3540,2021-09-10,0.08
3543,2021-09-13,0.08
3544,2021-09-14,0.08
3545,2021-09-15,0.08
3546,2021-09-16,0.08
3547,2021-09-17,0.08
3550,2021-09-20,0.08
3551,2021-09-21,0.08
3552,2021-09-22,0.08
3553,2021-09-23,0.08
3554,2021-09-24,0.08
3557,2021-09-27,0.08
3558,2021-09-28,0.08
3559,2021-09-29,0.08
3560,2021-09-30,0.06
3561,2021-10-01,0.08
3564,2021-10-04,0.08
3565,2021-10-05,0.08
3566,2021-10-06,0.08
3567,2021-10-07,0.08
3568,2021-10-08,0.08
3571,2021-10-11,0.08
3572,2021-10-12,0.08
3573,2021-10-13,0.08
3574,2021-10-14,0.08
3575,2021-10-15,0.08
3578,2021-10-18,0.08
3579,2021-10-19,0.08
3580,2021-10-20,0.08
3581,2021-10-21,0.08
3582,2021-10-22,0.08
3585,2021-10-25,0.08
3586,2021-10-26,0.08
3587,2021-10-27,0.08
3588,2021-10-28,0.08
3589,2021-10-29,0.07
3592,2021-11-01,0.08
3593,2021-11-02,0.08
3594,2021-11-03,0.08
3595,2021-11-04,0.08
3596,2021-11-05,0.08
3599,2021-11-08,0.08
3600,2021-11-09,0.08
3601,2021-11-10,0.08
3602,2021-11-11,0.08
3603,2021-11-12,0.08
3606,2021-11-15,0.08
3607,2021-11-16,0.08
3608,2021-11-17,0.08
3609,2021-11-18,0.08
3610,2021-11-19,0.08
3613,2021-11-22,0.08
3614,2021-11-23,0.08
3615,2021-11-24,0.08
3617,2021-11-26,0.08
3620,2021-11-29,0.08
3621,2021-11-30,0.07
3622,2021-12-01,0.08
3623,2021-12-02,0.08
3624,2021-12-03,0.08
3627,2021-12-06,0.08
3628,2021-12-07,0.08
3629,2021-12-08,0.08
3630,2021-12-09,0.08
3631,2021-12-10,0.08
3634,2021-12-13,0.08
3635,2021-12-14,0.08
3636,2021-12-15,0.08
3637,2021-12-16,0.08
3638,2021-12-17,0.08
3641,2021-12-20,0.08
3642,2021-12-21,0.08
3643,2021-12-22,0.08
3644,2021-12-23,0.08
3648,2021-12-27,0.08
3649,2021-12-28,0.08
3650,2021-12-29,0.08
3651,2021-12-30,0.08
3652,2021-12-31,0.07
3655,2022-01-03,0.08
3656,2022-01-04,0.08
3657,2022-01-05,0.08
3658,2022-01-06,0.08
3659,2022-01-07,0.08
3662,2022-01-10,0.08
3663,2022-01-11,0.08
3664,2022-01-12,0.08
3665,2022-01-13,0.08
3666,2022-01-14,0.08
3670,2022-01-18,0.08
3671,2022-01-19,0.08
3672,2022-01-20,0.08
3673,2022-01-21,0.08
3676,2022-01-24,0.08
3677,2022-01-25,0.08
3678,2022-01-26,0.08
3679,2022-01-27,0.08
3680,2022-01-28,0.08
3683,2022-01-31,0.08
3684,2022-02-01,0.08
3685,2022-02-02,0.08
3686,2022-02-03,0.08
3687,2022-02-04,0.08
3690,2022-02-07,0.08
3691,2022-02-08,0.08
3692,2022-02-09,0.08
3693,2022-02-10,0.08
3694,2022-02-11,0.08
3697,2022-02-14,0.08
3698,2022-02-15,0.08
3699,2022-02-16,0.08
3700,2022-02-17,0.08
3701,2022-02-18,0.08
3705,2022-02-22,0.08
3706,2022-02-23,0.08
3707,2022-02-24,0.08
3708,2022-02-25,0.08
3711,2022-02-28,0.08
3712,2022-03-01,0.08
3713,2022-03-02,0.08
3714,2022-03-03,0.08
3715,2022-03-04,0.08
3718,2022-03-07,0.08
3719,2022-03-08,0.08
3720,2022-03-09,0.08
3721,2022-03-10,0.08
3722,2022-03-11,0.08
3725,2022-03-14,0.08
3726,2022-03-15,0.08
3727,2022-03-16,0.08
3728,2022-03-17,0.33
3729,2022-03-18,0.33
3732,2022-03-21,0.33
3733,2022-03-22,0.33
3734,2022-03-23,0.33
3735,2022-03-24,0.33
3736,2022-03-25,0.33
3739,2022-03-28,0.33
3740,2022-03-29,0.33
3741,2022-03-30,0.33
3742,2022-03-31,0.33
3743,2022-04-01,0.33
3746,2022-04-04,0.33
3747,2022-04-05,0.33
3748,2022-04-06,0.33
3749,2022-04-07,0.33
3750,2022-04-08,0.33
3753,2022-04-11,0.33
3754,2022-04-12,0.33
3755,2022-04-13,0.33
3756,2022-04-14,0.33
3760,2022-04-18,0.33
3761,2022-04-19,0.33
3762,2022-04-20,0.33
3763,2022-04-21,0.33
3764,2022-04-22,0.33
3767,2022-04-25,0.33
3768,2022-04-26,0.33
3769,2022-04-27,0.33
3770,2022-04-28,0.33
3771,2022-04-29,0.33
3774,2022-05-02,0.33
3775,2022-05-03,0.33
3776,2022-05-04,0.33
3777,2022-05-05,0.83
3778,2022-05-06,0.83
3781,2022-05-09,0.83
3782,2022-05-10,0.83
3783,2022-05-11,0.83
3784,2022-05-12,0.83
3785,2022-05-13,0.83
3788,2022-05-16,0.83
3789,2022-05-17,0.83
3790,2022-05-18,0.83
3791,2022-05-19,0.83
3792,2022-05-20,0.83
3795,2022-05-23,0.83
3796,2022-05-24,0.83
3797,2022-05-25,0.83
3798,2022-05-26,0.83
3799,2022-05-27,0.83
3803,2022-05-31,0.83
3804,2022-06-01,0.83
3805,2022-06-02,0.83
3806,2022-06-03,0.83
3809,2022-06-06,0.83
3810,2022-06-07,0.83
3811,2022-06-08,0.83
3812,2022-06-09,0.83
3813,2022-06-10,0.83
3816,2022-06-13,0.83
3817,2022-06-14,0.83
3818,2022-06-15,0.83
3819,2022-06-16,1.58
3820,2022-06-17,1.58
3824,2022-06-21,1.58
3825,2022-06-22,1.58
3826,2022-06-23,1.58
3827,2022-06-24,1.58
3830,2022-06-27,1.58
3831,2022-06-28,1.58
3832,2022-06-29,1.58
3833,2022-06-30,1.58
3834,2022-07-01,1.58
3838,2022-07-05,1.58
3839,2022-07-06,1.58
3840,2022-07-07,1.58
3844,2022-07-11,1.58
3845,2022-07-12,1.58
3846,2022-07-13,1.58
3847,2022-07-14,1.58
3848,2022-07-15,1.58
3851,2022-07-18,1.58
3852,2022-07-19,1.58
3853,2022-07-20,1.58
3854,2022-07-21,1.58
3855,2022-07-22,1.58
3858,2022-07-25,1.58
3859,2022-07-26,1.58
3860,2022-07-27,1.58
3861,2022-07-28,2.33
3862,2022-07-29,2.32
3865,2022-08-01,2.33
3866,2022-08-02,2.33
3867,2022-08-03,2.33
3868,2022-08-04,2.33
3869,2022-08-05,2.33
3872,2022-08-08,2.33
3873,2022-08-09,2.33
3874,2022-08-10,2.33
3875,2022-08-11,2.33
3876,2022-08-12,2.33
3879,2022-08-15,2.33
3880,2022-08-16,2.33
3881,2022-08-17,2.33
3882,2022-08-18,2.33
3883,2022-08-19,2.33
3886,2022-08-22,2.33
3887,2022-08-23,2.33
3888,2022-08-24,2.33
3889,2022-08-25,2.33
3890,2022-08-26,2.33
3893,2022-08-29,2.33
3894,2022-08-30,2.33
3895,2022-08-31,2.33
3896,2022-09-01,2.33
3897,2022-09-02,2.33
3901,2022-09-06,2.33
3902,2022-09-07,2.33
3903,2022-09-08,2.33
3904,2022-09-09,2.33
3907,2022-09-12,2.33
3908,2022-09-13,2.33
3909,2022-09-14,2.33
3910,2022-09-15,2.33
3911,2022-09-16,2.33
3914,2022-09-19,2.33
3915,2022-09-20,2.33
3916,2022-09-21,2.33
3917,2022-09-22,3.08
3918,2022-09-23,3.08
3921,2022-09-26,3.08
3922,2022-09-27,3.08
3923,2022-09-28,3.08
3924,2022-09-29,3.08
3925,2022-09-30,3.08
3928,2022-10-03,3.08
3929,2022-10-04,3.08
3930,2022-10-05,3.08
3931,2022-10-06,3.08
3932,2022-10-07,3.08
3935,2022-10-10,3.08
3936,2022-10-11,3.08
3937,2022-10-12,3.08
3938,2022-10-13,3.08
3939,2022-10-14,3.08
3942,2022-10-17,3.08
3943,2022-10-18,3.08
3944,2022-10-19,3.08
3945,2022-10-20,3.08
3946,2022-10-21,3.08
3949,2022-10-24,3.08
3950,2022-10-25,3.08
3951,2022-10-26,3.08
3952,2022-10-27,3.08
3953,2022-10-28,3.08
3956,2022-10-31,3.08
3957,2022-11-01,3.08
3958,2022-11-02,3.08
3959,2022-11-03,3.83
3960,2022-11-04,3.83
3963,2022-11-07,3.83
3964,2022-11-08,3.83
3965,2022-11-09,3.83
3966,2022-11-10,3.83
3967,2022-11-11,3.83
3970,2022-11-14,3.83
3971,2022-11-15,3.83
3972,2022-11-16,3.83
3973,2022-11-17,3.83
3974,2022-11-18,3.83
3977,2022-11-21,3.83
3978,2022-11-22,3.83
3979,2022-11-23,3.83
3981,2022-11-25,3.83
3984,2022-11-28,3.83
3985,2022-11-29,3.83
3986,2022-11-30,3.83
3987,2022-12-01,3.83
3988,2022-12-02,3.83
3991,2022-12-05,3.83
3992,2022-12-06,3.83
3993,2022-12-07,3.83
3994,2022-12-08,3.83
3995,2022-12-09,3.83
3998,2022-12-12,3.83
3999,2022-12-13,3.83
4000,2022-12-14,3.83
4001,2022-12-15,4.33
4002,2022-12-16,4.33
4005,2022-12-19,4.33
4006,2022-12-20,4.33
4007,2022-12-21,4.33
4008,2022-12-22,4.33
4009,2022-12-23,4.33
4013,2022-12-27,4.33
4014,2022-12-28,4.33
4015,2022-12-29,4.33
4016,2022-12-30,4.33
4020,2023-01-03,4.33
4021,2023-01-04,4.33
4022,2023-01-05,4.33
4023,2023-01-06,4.33
4026,2023-01-09,4.33
4027,2023-01-10,4.33
4028,2023-01-11,4.33
4029,2023-01-12,4.33
4030,2023-01-13,4.33
4034,2023-01-17,4.33
4035,2023-01-18,4.33
4036,2023-01-19,4.33
4037,2023-01-20,4.33
4040,2023-01-23,4.33
4041,2023-01-24,4.33
4042,2023-01-25,4.33
4043,2023-01-26,4.33
4044,2023-01-27,4.33
4047,2023-01-30,4.33
4048,2023-01-31,4.33
4049,2023-02-01,4.33
4050,2023-02-02,4.58
4051,2023-02-03,4.58
4054,2023-02-06,4.58
4055,2023-02-07,4.58
4056,2023-02-08,4.58
4057,2023-02-09,4.57
4058,2023-02-10,4.58
4061,2023-02-13,4.58
4062,2023-02-14,4.58
4063,2023-02-15,4.58
4064,2023-02-16,4.58
4065,2023-02-17,4.58
4069,2023-02-21,4.58
4070,2023-02-22,4.58
4071,2023-02-23,4.58
4072,2023-02-24,4.58
4075,2023-02-27,4.57
4076,2023-02-28,4.57
4077,2023-03-01,4.58
4078,2023-03-02,4.57
4079,2023-03-03,4.57
4082,2023-03-06,4.57
4083,2023-03-07,4.57
4084,2023-03-08,4.57
4085,2023-03-09,4.57
4086,2023-03-10,4.57
4089,2023-03-13,4.58
4090,2023-03-14,4.58
4091,2023-03-15,4.58
4092,2023-03-16,4.58
4093,2023-03-17,4.58
4096,2023-03-20,4.58
4097,2023-03-21,4.58
4098,2023-03-22,4.58
4099,2023-03-23,4.83
4100,2023-03-24,4.83
4103,2023-03-27,4.83
4104,2023-03-28,4.83
4105,2023-03-29,4.83
4106,2023-03-30,4.83
4107,2023-03-31,4.83
4110,2023-04-03,4.83
4111,2023-04-04,4.83
4112,2023-04-05,4.83
4113,2023-04-06,4.83
4117,2023-04-10,4.83
4118,2023-04-11,4.83
4119,2023-04-12,4.83
4120,2023-04-13,4.83
4121,2023-04-14,4.83
4124,2023-04-17,4.83
4125,2023-04-18,4.83
4126,2023-04-19,4.83
4127,2023-04-20,4.83
4128,2023-04-21,4.83
4131,2023-04-24,4.83
4132,2023-04-25,4.83
4133,2023-04-26,4.83
4134,2023-04-27,4.83
4135,2023-04-28,4.83
4138,2023-05-01,4.83
4139,2023-05-02,4.83
4140,2023-05-03,4.83
4141,2023-05-04,5.08
4142,2023-05-05,5.08
4145,2023-05-08,5.08
4146,2023-05-09,5.08
4147,2023-05-10,5.08
4148,2023-05-11,5.08
4149,2023-05-12,5.08
4152,2023-05-15,5.08
4153,2023-05-16,5.08
4154,2023-05-17,5.08
4155,2023-05-18,5.08
4156,2023-05-19,5.08
4159,2023-05-22,5.08
4160,2023-05-23,5.08
4161,2023-05-24,5.08
4162,2023-05-25,5.08
4163,2023-05-26,5.08
4167,2023-05-30,5.08
4168,2023-05-31,5.08
4169,2023-06-01,5.08
4170,2023-06-02,5.08
4173,2023-06-05,5.08
4174,2023-06-06,5.08
4175,2023-06-07,5.08
4176,2023-06-08,5.08
4177,2023-06-09,5.08
4180,2023-06-12,5.08
4181,2023-06-13,5.08
4182,2023-06-14,5.08
4183,2023-06-15,5.07
4184,2023-06-16,5.08
4188,2023-06-20,5.07
4189,2023-06-21,5.07
4190,2023-06-22,5.07
4191,2023-06-23,5.07
4194,2023-06-26,5.07
4195,2023-06-27,5.07
4196,2023-06-28,5.07
4197,2023-06-29,5.07
4198,2023-06-30,5.08
4201,2023-07-03,5.08
4203,2023-07-05,5.08
4204,2023-07-06,5.08
4205,2023-07-07,5.08
4208,2023-07-10,5.07
4209,2023-07-11,5.08
4210,2023-07-12,5.08
4211,2023-07-13,5.08
4212,2023-07-14,5.08
4215,2023-07-17,5.08
4216,2023-07-18,5.08
4217,2023-07-19,5.08
4218,2023-07-20,5.08
4219,2023-07-21,5.08
4222,2023-07-24,5.08
4223,2023-07-25,5.08
4224,2023-07-26,5.08
4225,2023-07-27,5.33
4226,2023-07-28,5.33
4229,2023-07-31,5.33
4230,2023-08-01,5.33
4231,2023-08-02,5.33
4232,2023-08-03,5.33
4233,2023-08-04,5.33
4236,2023-08-07,5.33
4237,2023-08-08,5.33
4238,2023-08-09,5.33
4239,2023-08-10,5.33
4240,2023-08-11,5.33
4243,2023-08-14,5.33
4244,2023-08-15,5.33
4245,2023-08-16,5.33
4246,2023-08-17,5.33
4247,2023-08-18,5.33
4250,2023-08-21,5.33
4251,2023-08-22,5.33
4252,2023-08-23,5.33
4253,2023-08-24,5.33
4254,2023-08-25,5.33
4257,2023-08-28,5.33
4258,2023-08-29,5.33
4259,2023-08-30,5.33
4260,2023-08-31,5.33
4261,2023-09-01,5.33
4265,2023-09-05,5.33
4266,2023-09-06,5.33
4267,2023-09-07,5.33
4268,2023-09-08,5.33
4271,2023-09-11,5.33
4272,2023-09-12,5.33
4273,2023-09-13,5.33
4274,2023-09-14,5.33
4275,2023-09-15,5.33
4278,2023-09-18,5.33
4279,2023-09-19,5.33
4280,2023-09-20,5.33
4281,2023-09-21,5.33
4282,2023-09-22,5.33
4285,2023-09-25,5.33
4286,2023-09-26,5.33
4287,2023-09-27,5.33
4288,2023-09-28,5.33
4289,2023-09-29,5.33
4292,2023-10-02,5.33
4293,2023-10-03,5.33
4294,2023-10-04,5.33
4295,2023-10-05,5.33
4296,2023-10-06,5.33
4299,2023-10-09,5.33
4300,2023-10-10,5.33
4301,2023-10-11,5.33
4302,2023-10-12,5.33
4303,2023-10-13,5.33
4306,2023-10-16,5.33
4307,2023-10-17,5.33
4308,2023-10-18,5.33
4309,2023-10-19,5.33
4310,2023-10-20,5.33
4313,2023-10-23,5.33
4314,2023-10-24,5.33
4315,2023-10-25,5.33
4316,2023-10-26,5.33
4317,2023-10-27,5.33
4320,2023-10-30,5.33
4321,2023-10-31,5.33
4322,2023-11-01,5.33
4323,2023-11-02,5.33
4324,2023-11-03,5.33
4327,2023-11-06,5.33
4328,2023-11-07,5.33
4329,2023-11-08,5.33
4330,2023-11-09,5.33
4331,2023-11-10,5.33
4334,2023-11-13,5.33
4335,2023-11-14,5.33
4336,2023-11-15,5.33
4337,2023-11-16,5.33
4338,2023-11-17,5.33
4341,2023-11-20,5.33
4342,2023-11-21,5.33
4343,2023-11-22,5.33
4345,2023-11-24,5.33
4348,2023-11-27,5.33
4349,2023-11-28,5.33
4350,2023-11-29,5.33
4351,2023-11-30,5.33
4352,2023-12-01,5.33
4355,2023-12-04,5.33
4356,2023-12-05,5.33
4357,2023-12-06,5.33
4358,2023-12-07,5.33
4359,2023-12-08,5.33
4362,2023-12-11,5.33
4363,2023-12-12,5.33
4364,2023-12-13,5.33
4365,2023-12-14,5.33
4366,2023-12-15,5.33
4369,2023-12-18,5.33
4370,2023-12-19,5.33
4371,2023-12-20,5.33
4372,2023-12-21,5.33
4373,2023-12-22,5.33
4377,2023-12-26,5.33
4378,2023-12-27,5.33
4379,2023-12-28,5.33
4380,2023-12-29,5.33
4384,2024-01-02,5.33
4385,2024-01-03,5.33
4386,2024-01-04,5.33
4387,2024-01-05,5.33
4390,2024-01-08,5.33
4391,2024-01-09,5.33
4392,2024-01-10,5.33
4393,2024-01-11,5.33
4394,2024-01-12,5.33
4398,2024-01-16,5.33
4399,2024-01-17,5.33
4400,2024-01-18,5.33
4401,2024-01-19,5.33
4404,2024-01-22,5.33
4405,2024-01-23,5.33
4406,2024-01-24,5.33
4407,2024-01-25,5.33
4408,2024-01-26,5.33
4411,2024-01-29,5.33
4412,2024-01-30,5.33
4413,2024-01-31,5.33
4414,2024-02-01,5.33
4415,2024-02-02,5.33
4418,2024-02-05,5.33
4419,2024-02-06,5.33
4420,2024-02-07,5.33
4421,2024-02-08,5.33
4422,2024-02-09,5.33
4425,2024-02-12,5.33
4426,2024-02-13,5.33
4427,2024-02-14,5.33
4428,2024-02-15,5.33
4429,2024-02-16,5.33
4433,2024-02-20,5.33
4434,2024-02-21,5.33
4435,2024-02-22,5.33
4436,2024-02-23,5.33
4439,2024-02-26,5.33
4440,2024-02-27,5.33
4441,2024-02-28,5.33
4442,2024-02-29,5.33
4443,2024-03-01,5.33
4446,2024-03-04,5.33
4447,2024-03-05,5.33
4448,2024-03-06,5.33
4449,2024-03-07,5.33
4450,2024-03-08,5.33
4453,2024-03-11,5.33
4454,2024-03-12,5.33
4455,2024-03-13,5.33
4456,2024-03-14,5.33
4457,2024-03-15,5.33
4460,2024-03-18,5.33
4461,2024-03-19,5.33
4462,2024-03-20,5.33
4463,2024-03-21,5.33
4464,2024-03-22,5.33
4467,2024-03-25,5.33
4468,2024-03-26,5.33
4469,2024-03-27,5.33
4470,2024-03-28,5.33
4474,2024-04-01,5.33
4475,2024-04-02,5.33
4476,2024-04-03,5.33
4477,2024-04-04,5.33
4478,2024-04-05,5.33
4481,2024-04-08,5.33
4482,2024-04-09,5.33
4483,2024-04-10,5.33
4484,2024-04-11,5.33
4485,2024-04-12,5.33
4488,2024-04-15,5.33
4489,2024-04-16,5.33
4490,2024-04-17,5.33
4491,2024-04-18,5.33
4492,2024-04-19,5.33
4495,2024-04-22,5.33
4496,2024-04-23,5.33
4497,2024-04-24,5.33
4498,2024-04-25,5.33
4499,2024-04-26,5.33
4502,2024-04-29,5.33
4503,2024-04-30,5.33
4504,2024-05-01,5.33
4505,2024-05-02,5.33
4506,2024-05-03,5.33
4509,2024-05-06,5.33
4510,2024-05-07,5.33
4511,2024-05-08,5.33
4512,2024-05-09,5.33
4513,2024-05-10,5.33
4516,2024-05-13,5.33
4517,2024-05-14,5.33
4518,2024-05-15,5.33
4519,2024-05-16,5.33
4520,2024-05-17,5.33
4523,2024-05-20,5.33
4524,2024-05-21,5.33
4525,2024-05-22,5.33
4526,2024-05-23,5.33
4527,2024-05-24,5.33
4531,2024-05-28,5.33
4532,2024-05-29,5.33
4533,2024-05-30,5.33
4534,2024-05-31,5.33
4537,2024-06-03,5.33
4538,2024-06-04,5.33
4539,2024-06-05,5.33
4540,2024-06-06,5.33
4541,2024-06-07,5.33
4544,2024-06-10,5.33
4545,2024-06-11,5.33
4546,2024-06-12,5.33
4547,2024-06-13,5.33
4548,2024-06-14,5.33
4551,2024-06-17,5.33
4552,2024-06-18,5.33
4554,2024-06-20,5.33
4555,2024-06-21,5.33
4558,2024-06-24,5.33
4559,2024-06-25,5.33
4560,2024-06-26,5.33
4561,2024-06-27,5.33
4562,2024-06-28,5.33
4565,2024-07-01,5.33
4566,2024-07-02,5.33
4567,2024-07-03,5.33
4569,2024-07-05,5.33
4572,2024-07-08,5.33
4573,2024-07-09,5.33
4574,2024-07-10,5.33
4575,2024-07-11,5.33
4576,2024-07-12,5.33
4579,2024-07-15,5.33
4580,2024-07-16,5.33
4581,2024-07-17,5.33
4582,2024-07-18,5.33
4583,2024-07-19,5.33
4586,2024-07-22,5.33
4587,2024-07-23,5.33
4588,2024-07-24,5.33
4589,2024-07-25,5.33
4590,2024-07-26,5.33
4593,2024-07-29,5.33
4594,2024-07-30,5.33
4595,2024-07-31,5.33
4596,2024-08-01,5.33
4597,2024-08-02,5.33
4600,2024-08-05,5.33
4601,2024-08-06,5.33
4602,2024-08-07,5.33
4603,2024-08-08,5.33
4604,2024-08-09,5.33
4607,2024-08-12,5.33
4608,2024-08-13,5.33
4609,2024-08-14,5.33
4610,2024-08-15,5.33
4611,2024-08-16,5.33
4614,2024-08-19,5.33
4615,2024-08-20,5.33
4616,2024-08-21,5.33
4617,2024-08-22,5.33
4618,2024-08-23,5.33
4621,2024-08-26,5.33
4622,2024-08-27,5.33
4623,2024-08-28,5.33
4624,2024-08-29,5.33
4625,2024-08-30,5.33
4629,2024-09-03,5.33
4630,2024-09-04,5.33
4631,2024-09-05,5.33
4632,2024-09-06,5.33
4635,2024-09-09,5.33
4636,2024-09-10,5.33
4637,2024-09-11,5.33
4638,2024-09-12,5.33
4639,2024-09-13,5.33
4642,2024-09-16,5.33
4643,2024-09-17,5.33
4644,2024-09-18,5.33
4645,2024-09-19,4.83
4646,2024-09-20,4.83
4649,2024-09-23,4.83
4650,2024-09-24,4.83
4651,2024-09-25,4.83
4652,2024-09-26,4.83
4653,2024-09-27,4.83
4656,2024-09-30,4.83
4657,2024-10-01,4.83
4658,2024-10-02,4.83
4659,2024-10-03,4.83
4660,2024-10-04,4.83
4663,2024-10-07,4.83
4664,2024-10-08,4.83
4665,2024-10-09,4.83
4666,2024-10-10,4.83
4667,2024-10-11,4.83
4670,2024-10-14,4.83
4671,2024-10-15,4.83
4672,2024-10-16,4.83
4673,2024-10-17,4.83
4674,2024-10-18,4.83
4677,2024-10-21,4.83
4678,2024-10-22,4.83
4679,2024-10-23,4.83
4680,2024-10-24,4.83
4681,2024-10-25,4.83
4684,2024-10-28,4.83
4685,2024-10-29,4.83
4686,2024-10-30,4.83
